timestamp	open	high	low	close	volume	trades
1621382460000	4073.98	4073.98	4073.98	4073.98	0.04904395	1
1621382760000	4091.45	4091.45	4091.45	4091.45	2	1
1621382820000	4135.92	4135.92	4135.92	4135.92	0.08589401	1
1621382880000	4140.3	4140.3	4140.3	4140.3	0.04763	1
1621382940000	4130	4131.83	4130	4131.83	0.04717504	4
1621383060000	4129.94	4129.94	4129.94	4129.94	0.03497429	1
1621383120000	4135	4135	4135	4135	0.23551667	1
1621383180000	4135	4135	4135	4135	4.76448333	29
1621383300000	4135	4135	4135	4135	0.01270802	4
1621383360000	4125	4125	4125	4125	0.38227	4
1621383780000	4125.15	4125.15	4125.15	4125.15	0.02577735	1
1621383840000	4132.24	4132.24	4132.24	4132.24	0.01211	1
1621383900000	4134.3	4134.3	4134.3	4134.3	0.24227246	1
1621384020000	4139.19	4139.19	4139.19	4139.19	0.40139361	1
1621384140000	4136.15	4136.15	4136.15	4136.15	0.2596698	1
1621384380000	4122.34	4122.34	4122.34	4122.34	0.06574572	1
1621384500000	4100	4100	4078.85	4078.85	1.0433861	6
1621384560000	4094.27	4094.27	4094.27	4094.27	0.23648922	1
1621384680000	4107.15	4107.15	4107.15	4107.15	0.04242748	1
1621384920000	4099.46	4112.08	4089.16	4112.08	4.01613	7
1621384980000	4106.68	4106.68	4106.68	4106.68	0.10319289	1
1621385220000	4093.36	4093.46	4093.36	4093.46	0.13055118	2
1621385280000	4085.38	4085.58	4085.38	4085.58	0.47654248	2
1621385400000	4068.67	4068.67	4068.67	4068.67	0.0500796	1
1621385580000	4076.91	4076.91	4076.91	4076.91	0.33017	1
1621385640000	4078.07	4078.07	4078.07	4078.07	0.02156313	1
1621385880000	4077.24	4077.24	4077.24	4077.24	0.0925096	1
1621386180000	4036.03	4036.04	4036.03	4036.04	0.48191107	2
1621386300000	4040.01	4040.01	4040.01	4040.01	0.19130382	1
1621386420000	4029.74	4029.74	4029.74	4029.74	0.09660885	1
1621386540000	4019.6	4019.6	4019.59	4019.59	0.2608556	2
1621386660000	4000	4015.33	3999.4	4015.33	2.00039206	10
1621386720000	4006.12	4006.12	4006.12	4006.12	0.02426945	1
1621386840000	3985.52	3985.52	3985.52	3985.52	0.21787445	1
1621386900000	3994.5	3994.5	3994.5	3994.5	0.37005	1
1621386960000	3998.06	3998.06	3998.06	3998.06	0.13439155	1
1621387020000	3970	3970	3970	3970	0.12562955	1
1621387080000	3969.23	3969.24	3948.08	3948.08	6.87212703	5
1621387200000	3964.06	3964.09	3949.28	3962.27	1.67389812	4
1621387260000	3934.78	3934.78	3930	3930	0.07497	2
1621387320000	3928.93	3944.97	3923.22	3944.97	1.41447208	4
1621387380000	3944.97	3949.73	3943.94	3949.73	1.21631917	3
1621387500000	3956.16	3956.16	3956.16	3956.16	0.02233616	1
1621387620000	3952.1	3952.1	3952.1	3952.1	0.12294153	1
1621387800000	3932.88	3932.88	3932.87	3932.87	0.14208	3
1621387860000	3944.89	3945.16	3935	3935	2.07851854	5
1621387920000	3935	3936.22	3922.96	3922.96	2.87616855	5
1621387980000	3920	3920	3920	3920	0.23711242	2
1621388100000	3910	3910	3910	3910	0.01279	1
1621388160000	3900	3900	3891.5	3891.5	12.86026133	3
1621388220000	3890	3890	3890	3890	0.01285	2
1621388280000	3881.92	3881.92	3881.9	3881.9	0.45239232	2
1621388340000	3893.9	3893.9	3893.9	3893.9	0.11226	1
1621388400000	3902.5	3902.5	3902.5	3902.5	0.05950755	2
1621388460000	3900.19	3900.19	3900.19	3900.19	3.526	7
1621388520000	3900.19	3900.19	3899.19	3899.19	0.95764544	7
1621388640000	3900.8	3900.8	3900.8	3900.8	0.19939554	1
1621388760000	3882	3882	3880	3880	0.28606889	7
1621388820000	3870	3870	3868	3868	0.14218577	3
1621388880000	3860	3860	3850	3850	0.98750557	13
1621388940000	3850	3850	3844.8	3847.25	0.52124854	9
1621389000000	3844.8	3844.8	3844.8	3844.8	0.18780883	21
1621389060000	3844.8	3844.8	3830	3830	0.07146165	10
1621389120000	3835.96	3854.39	3835.96	3854.39	7.00894446	11
1621389180000	3870.98	3870.98	3853.64	3853.64	8.32793294	8
1621389360000	3869.69	3869.69	3867.04	3867.04	0.9522282	3
1621389420000	3894.36	3894.36	3874.24	3874.24	1.13860969	3
1621389480000	3880.37	3880.37	3856.41	3856.41	1.08868	3
1621389540000	3850.02	3879.06	3841.23	3865.53	0.89144868	7
1621389660000	3897.18	3897.18	3876.39	3876.39	1.37579945	7
1621389840000	3907.36	3907.54	3907.36	3907.54	0.06120554	2
1621390020000	3860.01	3860.01	3841.53	3841.53	0.08303314	3
1621390080000	3861.61	3861.61	3861.61	3861.61	0.25358	1
1621390140000	3875.88	3875.88	3875.88	3875.88	0.0127	1
1621390200000	3858.29	3858.3	3858.29	3858.3	1.10302993	2
1621390380000	3853.81	3853.81	3836	3836	9.16916804	5
1621390500000	3859.49	3859.51	3856.44	3856.44	0.87031288	3
1621390560000	3846.38	3846.38	3846.37	3846.37	0.18	2
1621390620000	3838.76	3838.76	3838.76	3838.76	0.72690198	2
1621390680000	3835.96	3835.96	3835.96	3835.96	0.00894445	1
1621390740000	3830.14	3830.14	3830.14	3830.14	0.01028	1
1621390800000	3823.6	3825.48	3823.6	3825.48	1.99999999	2
1621390860000	3850.14	3850.33	3850.14	3850.33	0.63577	2
1621390920000	3838.7	3838.7	3838.68	3838.68	0.74131006	3
1621390980000	3837.44	3837.44	3809.14	3809.14	3.00E+01	13
1621391040000	3858.05	3858.05	3858.05	3858.05	0.61671706	3
1621391100000	3847.09	3847.09	3847.09	3847.09	0.28437197	1
1621391220000	3839.76	3839.76	3839.76	3839.76	0.09070728	1
1621391280000	3825.5	3825.5	3825.49	3825.49	0.67072864	2
1621391400000	3822.85	3825.87	3822.85	3825.87	1.29891908	4
1621391460000	3839.83	3839.83	3839.83	3839.83	0.55329486	3
1621391520000	3841.32	3845.97	3841.32	3845.97	0.13218814	2
1621391580000	3827.74	3827.74	3801	3816.72	17.87782	11
1621391760000	3820.2	3823.32	3820.2	3823.32	0.26623771	2
1621391820000	3847.86	3847.88	3847.86	3847.88	0.77555173	2
1621391940000	3848	3852.1	3848	3848	9.80144348	10
1621392000000	3848	3848	3848	3848	0.01503738	1
1621392180000	3848.68	3848.69	3848.68	3848.69	0.98734689	2
1621392480000	3845.62	3845.62	3845.62	3845.62	0.3167991	1
1621392600000	3851.38	3851.38	3824.71	3824.71	7.09086373	4
1621392720000	3800.29	3800.29	3800.13	3800.13	0.23726314	4
1621392840000	3800	3800	3800	3800	7.93103658	15
1621392900000	3789.25	3789.25	3789.25	3789.25	0.13592084	1
1621393140000	3777.06	3777.06	3760	3760	2.06341705	6
1621393200000	3755	3755	3750	3750	1.48651608	5
1621393260000	3750	3750	3733.46	3740.63	0.7527215	9
1621393320000	3735.43	3739.31	3705	3705	1.87257562	13
1621393380000	3729.78	3729.78	3704.27	3704.27	0.84158463	4
1621393440000	3700	3721.18	3700	3712.3	2.26034141	8
1621393560000	3722.6	3722.6	3690.01	3690.01	24.29823663	13
1621393620000	3707.6	3736.23	3707.6	3736.23	0.64663	3
1621393680000	3742.04	3742.07	3738.21	3738.21	2.92651411	3
1621393740000	3750.03	3750.03	3750.03	3750.03	0.38943016	2
1621393800000	3753.22	3753.22	3709.64	3709.64	18.01145778	10
1621393860000	3770	3770	3770	3770	0.30676558	2
1621393920000	3794.12	3794.12	3774.29	3774.29	2.45704909	2
1621394040000	3766.51	3766.51	3750	3750	6.56008201	20
1621394100000	3736.53	3736.53	3736.53	3736.53	0.10524	1
1621394160000	3747.2	3747.2	3747.2	3747.2	0.15	1
1621394220000	3740.16	3740.16	3740.16	3740.16	0.13267074	1
1621394340000	3725.27	3725.34	3725.27	3725.34	0.268	2
1621394400000	3761.17	3772.22	3761.17	3772.22	0.06621715	3
1621394460000	3789.26	3789.26	3789.26	3789.26	0.19984451	1
1621394520000	3768.64	3787.73	3766.93	3787.73	4.74244945	9
1621394700000	3777.26	3777.56	3777.26	3777.56	0.02421	2
1621394760000	3772.66	3772.66	3739.18	3739.18	18.38265	18
1621394820000	3795.08	3795.28	3795.08	3795.28	0.03706346	2
1621394880000	3794.85	3795.71	3751.91	3782.7	8.10508539	21
1621395000000	3802.94	3802.94	3801.21	3801.21	1.39488087	2
1621395120000	3775.21	3775.21	3775.21	3775.21	0.12654861	1
1621395600000	3786.05	3786.05	3786.05	3786.05	0.07805	1
1621395720000	3759.02	3759.02	3759.02	3759.02	0.07640593	1
1621395840000	3760.51	3760.73	3760.51	3760.73	1.79623322	4
1621395900000	3732.06	3732.06	3728.29	3728.29	0.718078	3
1621396080000	3740.63	3740.63	3740.63	3740.63	0.09097252	1
1621396140000	3740.21	3740.21	3707.58	3707.58	10.54658088	11
1621396260000	3750.12	3750.12	3750.12	3750.12	0.63253715	1
1621396380000	3767.96	3767.96	3767.96	3767.96	0.68375868	1
1621396500000	3742.07	3742.07	3739.47	3739.47	2.13999587	5
1621396620000	3741.51	3741.51	3741.51	3741.51	0.27969487	1
1621396680000	3735.74	3735.74	3735.74	3735.74	0.21119084	1
1621396740000	3732.96	3740	3732.96	3740	0.80999999	3
1621396860000	3727.8	3758.61	3727.8	3758.61	0.33107206	3
1621396980000	3752.29	3770.68	3750	3770.68	1.6085843	4
1621397400000	3715.19	3715.19	3711.73	3711.73	13.15568	5
1621397640000	3710.09	3710.09	3700	3700	6.13028838	4
1621397760000	3690	3690	3680	3683.53	0.2287946	3
1621397820000	3670	3670.36	3670	3670.36	0.01415	2
1621397880000	3660	3660	3650	3650	0.7951432	6
1621397940000	3650	3650	3615.01	3615.01	9.67639	9
1621398000000	3648.32	3648.33	3634.01	3646.66	13.45959195	11
1621398180000	3643.12	3643.12	3643.12	3643.12	0.23140995	1
1621398240000	3627.58	3627.58	3619.11	3619.11	1.29080836	3
1621398300000	3615	3615	3600	3600	12.23347295	5
1621398360000	3600	3610.69	3580	3580	3.7166203	16
1621398420000	3580	3580	3554.56	3577.15	3.43984508	9
1621398540000	3567.5	3567.5	3550	3557.49	4.66926348	10
1621398600000	3579.99	3591.67	3579.98	3591.67	0.20714256	6
1621398660000	3608.61	3627.9	3608.61	3627.9	1.46034211	5
1621398720000	3632.38	3632.38	3536.61	3536.61	25.66194695	37
1621398840000	3602.55	3602.55	3602.55	3602.55	0.14171354	1
1621398900000	3606.57	3606.57	3606.57	3606.57	0.05454	1
1621398960000	3587.54	3587.54	3587.54	3587.54	2.00148294	1
1621399020000	3578.81	3585.94	3578.81	3585.26	0.31373	3
1621399080000	3583.26	3586.37	3573.49	3586.37	1.23876126	4
1621399200000	3546.33	3566.92	3538.6	3538.6	9.86043588	17
1621399260000	3530.02	3530.02	3520	3520	0.25955341	6
1621399320000	3512.28	3512.28	3510	3510	1.48716	4
1621399380000	3507	3507	3469.16	3498.16	36.51931796	52
1621399440000	3497.59	3540.59	3497.59	3540.59	5.19507006	32
1621399500000	3540.33	3567.03	3469.49	3469.49	2.98907132	17
1621399560000	3547.47	3547.47	3544.05	3544.05	0.51949492	3
1621399620000	3524.43	3526.61	3524.43	3526.61	1.16919472	4
1621399680000	3542.59	3542.59	3529.49	3529.49	2.35015181	4
1621399740000	3522.49	3522.49	3522.49	3522.49	0.01398	1
1621399800000	3523.03	3552.8	3523.03	3552.8	1.22447391	8
1621399920000	3500.21	3500.21	3497.54	3497.54	0.12022292	2
1621399980000	3493.11	3493.11	3482.01	3482.02	0.4251193	4
1621400040000	3470.3	3470.3	3428.26	3470	7.98613791	11
1621400100000	3469.45	3470	3469.45	3470	0.98756712	6
1621400160000	3487.81	3487.81	3470.48	3470.48	0.19784847	2
1621400220000	3478.05	3500.59	3478.05	3500.57	22.02817779	23
1621400280000	3500.64	3522.57	3500.64	3522.57	0.47528127	4
1621400340000	3531.96	3531.97	3531.96	3531.97	1.0559202	2
1621400400000	3534.83	3544.24	3517.19	3544.24	3.22756251	7
1621400460000	3549.03	3573.12	3549.03	3573.12	1.87180545	6
1621400520000	3553.64	3553.64	3553.64	3553.64	0.00396	1
1621400580000	3571.22	3571.67	3561.32	3567.86	4.29061638	10
1621400640000	3584.08	3584.08	3584.08	3584.08	0.10495911	1
1621400700000	3591.07	3591.35	3544.79	3591.07	2.86947284	10
1621400760000	3598.24	3602.15	3598.24	3602.15	1.55318777	5
1621400820000	3616.58	3616.58	3609.85	3609.85	5.69945809	6
1621400880000	3595.64	3604.98	3595.64	3604.98	1.07604286	3
1621400940000	3614.81	3614.81	3614.81	3614.81	0.41558968	1
1621401060000	3605.03	3605.03	3605.03	3605.03	0.83543617	2
1621401180000	3614.74	3614.74	3614.52	3614.52	1.10912782	4
1621401240000	3621.88	3633.09	3621.88	3633.09	0.84787734	4
1621401300000	3622.19	3622.19	3620	3620	1.35719603	2
1621401360000	3600	3600	3600	3600	0.02222	1
1621401480000	3599.18	3602.51	3599.18	3602.51	2.27562278	4
1621401600000	3611.32	3611.32	3611.32	3611.32	0.60491273	1
1621401720000	3634.3	3634.3	3634.3	3634.3	3.46793764	1
1621401840000	3625.31	3625.31	3625.31	3625.31	0.74476232	1
1621401900000	3640.51	3650.75	3640.48	3650.75	7.31797872	13
1621402020000	3637.1	3649.51	3637.1	3649.51	2.56949384	4
1621402140000	3648.61	3648.61	3648.61	3648.61	0.53739248	1
1621402260000	3621.57	3621.57	3621.57	3621.57	2.0684297	1
1621402320000	3614.5	3628.73	3614.5	3628.73	3	6
1621402380000	3616.58	3616.58	3616.58	3616.58	0.89185039	1
1621402500000	3580.06	3594.86	3580.06	3594.86	1.07390446	3
1621402560000	3582.77	3582.77	3582.76	3582.76	0.61497	2
1621402620000	3572.05	3572.05	3544.25	3548.27	3.89185931	8
1621402680000	3559.28	3559.28	3559.28	3559.28	0.01693713	1
1621402740000	3571.9	3574.97	3571.9	3574.97	1.6811898	4
1621402800000	3572.8	3575	3572.8	3575	5	5
1621402860000	3544.24	3548.77	3544.24	3548.77	0.56434173	2
1621402980000	3503.74	3503.74	3503.74	3503.74	8.6062117	1
1621403040000	3513.83	3517.93	3500	3517.93	20.3135	16
1621403100000	3514.61	3514.61	3514.6	3514.6	1.16537264	3
1621403220000	3538.43	3538.46	3538.43	3538.46	1.39094	2
1621403280000	3508.52	3508.52	3508.52	3508.52	0.44219274	1
1621403400000	3512.68	3512.68	3512.68	3512.68	0.393726	1
1621403520000	3525.63	3525.63	3525.63	3525.63	1.43254185	1
1621403640000	3520.23	3536.9	3520.23	3536.9	0.1430437	2
1621403760000	3567.27	3567.27	3567.27	3567.27	0.37172642	1
1621403820000	3561.09	3561.09	3561.09	3561.09	0.02738584	1
1621403940000	3532.53	3532.53	3532.53	3532.53	1.01389102	1
1621404000000	3550.24	3550.27	3550.24	3550.27	0.05499913	2
1621404060000	3546.78	3559.7	3546.78	3559.7	0.68199	2
1621404120000	3563.21	3563.21	3563.21	3563.21	0.6191043	1
1621404180000	3575.12	3575.12	3575.12	3575.12	0.54868557	1
1621404360000	3573.74	3573.74	3573.74	3573.74	0.02715964	1
1621404420000	3562.06	3562.06	3562.06	3562.06	0.09416	1
1621404600000	3610.83	3610.83	3600.94	3600.94	0.22886314	2
1621404660000	3581.41	3581.41	3581.16	3581.16	1.82761352	4
1621404780000	3573.87	3573.87	3573.87	3573.87	0.10111	1
1621405020000	3595.4	3595.4	3595.4	3595.4	0.10514061	1
1621405080000	3598.04	3598.04	3598.04	3598.04	0.13979714	1
1621405200000	3601.9	3601.9	3601.9	3601.9	0.07291856	1
1621405260000	3593.68	3593.68	3593.68	3593.68	0.04058108	1
1621405380000	3595.43	3595.43	3595.43	3595.43	0.06776189	1
1621405440000	3607.48	3614.95	3607.48	3614.95	1.76497626	3
1621405560000	3615.31	3615.31	3615.31	3615.31	1.85425943	10
1621405620000	3615.31	3615.31	3615.31	3615.31	0.80604207	1
1621405680000	3615.31	3615.31	3615.31	3615.31	0.3476985	4
1621405740000	3626.3	3626.3	3626.3	3626.3	0.02666667	1
1621405860000	3599.86	3599.86	3599.83	3599.83	4.17433253	4
1621405980000	3583.74	3583.74	3583.74	3583.74	0.0350133	1
1621406160000	3556.01	3556.01	3556.01	3556.01	0.69206379	1
1621406280000	3553.1	3553.1	3553.1	3553.1	0.94640265	2
1621406400000	3570.43	3570.43	3570.43	3570.43	0.03224796	1
1621406640000	3573.66	3573.66	3573.66	3573.66	0.27263657	1
1621406760000	3541.39	3558.63	3541.39	3558.63	1.22833059	3
1621406820000	3579.1	3579.1	3579.1	3579.1	0.04939613	1
1621407060000	3566	3571.03	3566	3571.03	0.82838723	2
1621407180000	3533.8	3544.2	3533.8	3544.2	0.20280591	2
1621407300000	3518.62	3518.62	3500.11	3500.11	1.84369378	4
1621407360000	3545.43	3545.43	3545.43	3545.43	0.12970168	1
1621407540000	3537.01	3537.01	3537.01	3537.01	0.34625291	1
1621407780000	3549.23	3549.23	3539.31	3539.31	2.49999999	10
1621407900000	3536.58	3536.58	3536.58	3536.58	0.57369469	1
1621408080000	3500.02	3500.02	3500.02	3500.02	0.11201291	1
1621408200000	3508.95	3508.95	3500	3500	0.44549752	2
1621408260000	3507.18	3507.19	3507.18	3507.19	0.69360613	2
1621408320000	3467.79	3467.79	3467.79	3467.79	0.04960099	1
1621408440000	3472.55	3472.55	3472.55	3472.55	0.13888888	1
1621408500000	3450	3450	3400.01	3448.14	10.74602306	9
1621408560000	3447.94	3469.15	3447.94	3459.9	0.69960829	6
1621408620000	3490.3	3490.3	3459.9	3459.9	3.0584089	8
1621408680000	3527.66	3527.66	3527.66	3527.66	0.16749	1
1621408800000	3522.98	3522.98	3483.37	3483.37	2.69221807	8
1621409040000	3499.38	3499.38	3477.12	3477.12	4.00000149	10
1621409280000	3499.13	3528.39	3499.12	3528.39	1.05877	5
1621409640000	3516.71	3516.71	3516.71	3516.71	0.01597887	1
1621409700000	3516.9	3516.9	3516.9	3516.9	0.62685179	1
1621409760000	3527.63	3527.63	3527.61	3527.61	0.30950328	3
1621409820000	3547.9	3547.9	3547.9	3547.9	0.28480304	3
1621409940000	3554.17	3554.17	3554.17	3554.17	0.18277632	1
1621410000000	3549.03	3549.03	3549.03	3549.03	0.75598604	2
1621410240000	3591.85	3591.85	3591.85	3591.85	0.0323214	1
1621410480000	3571.17	3571.17	3571.17	3571.17	0.22499999	2
1621410780000	3597.32	3597.37	3597.32	3597.37	3.54102093	6
1621410840000	3587.22	3587.22	3587.22	3587.22	0.00579379	1
1621410960000	3588.1	3588.1	3588.1	3588.1	0.472	1
1621411260000	3586.52	3586.52	3586.52	3586.52	0.31708867	1
1621411500000	3573.29	3573.29	3573.29	3573.29	0.02491657	1
1621411680000	3574.51	3574.51	3574.51	3574.51	0.13617459	1
1621411800000	3548.26	3548.26	3548.26	3548.26	0.04109688	1
1621411920000	3563.67	3563.67	3547.12	3547.12	1.86690956	2
1621411980000	3558.95	3558.95	3547.12	3547.12	1.92469474	3
1621412040000	3547.12	3551.78	3547.12	3551.78	1.91532738	3
1621412160000	3547.12	3547.12	3547.12	3547.12	0.38666566	1
1621412520000	3542.61	3542.61	3542.61	3542.61	0.04087	1
1621412580000	3531.92	3531.92	3531.92	3531.92	0.13414322	1
1621412820000	3519.54	3536.7	3519.54	3536.7	0.42792371	4
1621412880000	3557.07	3557.07	3557.07	3557.07	0.55220257	2
1621412940000	3562.19	3562.19	3562.19	3562.19	0.13852	1
1621413060000	3559.67	3559.67	3559.67	3559.67	0.01016837	1
1621413180000	3559.79	3559.79	3559.79	3559.79	0.09665453	1
1621413240000	3562.67	3562.76	3562.66	3562.76	1.83697903	3
1621413420000	3560.53	3560.53	3560.53	3560.53	0.05455805	1
1621414080000	3589.68	3598.54	3589.68	3598.43	0.32773106	5
1621414560000	3591.73	3591.73	3591.73	3591.73	0.22673964	1
1621414620000	3589.5	3589.5	3582.34	3582.34	0.15419265	3
1621414800000	3585.25	3587.03	3575.18	3587.03	1.26019699	5
1621414860000	3592.71	3592.71	3592.71	3592.71	0.01242534	1
1621414980000	3618.4	3618.4	3618.4	3618.4	0.22519365	1
1621415280000	3611.35	3622.91	3611.34	3622.91	0.21067303	4
1621415400000	3619.87	3619.87	3619.87	3619.87	0.02700746	1
1621415640000	3607.74	3607.74	3607.74	3607.74	0.54011381	1
1621415760000	3605.22	3605.22	3605.22	3605.22	0.17578619	1
1621415820000	3600	3600	3598.11	3598.11	0.09540792	2
1621415880000	3585.31	3585.31	3581.9	3581.9	0.80463533	4
1621415940000	3581.9	3581.9	3581.86	3581.86	1.89006364	9
1621416600000	3542.62	3542.62	3525.42	3525.42	12.40265827	7
1621416840000	3545.72	3545.72	3545.72	3545.72	0.55989606	1
1621416900000	3546.58	3546.58	3546.58	3546.58	0.07639999	1
1621417020000	3539.72	3539.72	3523.19	3523.19	2.4146603	3
1621417440000	3552.04	3552.04	3552.04	3552.04	0.15016929	1
1621417620000	3542.23	3542.23	3542.23	3542.23	0.5	1
1621417680000	3526.12	3526.12	3511.71	3511.71	3.72648114	4
1621417860000	3532.83	3532.83	3532.83	3532.83	0.49758805	1
1621417920000	3532.28	3532.28	3532.28	3532.28	0.00797593	1
1621418100000	3533.4	3533.4	3533.4	3533.4	0.05	1
1621418220000	3556.74	3556.74	3556.74	3556.74	1	1
1621418400000	3573.12	3573.12	3573.12	3573.12	0.28401012	1
1621418580000	3524.42	3547.12	3517.43	3547.12	2.06162	5
1621418700000	3540.15	3540.15	3540.15	3540.15	0.04854947	1
1621419000000	3517.02	3517.02	3517.02	3517.02	0.15498836	1
1621419060000	3510	3510	3510	3510	0.24718059	2
1621419120000	3502.23	3517.17	3502.23	3517.17	0.52604113	2
1621419300000	3501.32	3501.32	3501.32	3501.32	0.47242161	1
1621419360000	3481.07	3481.07	3481.07	3481.07	0.26022036	1
1621419480000	3488.11	3488.11	3488.1	3488.1	1	2
1621419540000	3486.53	3486.53	3442.94	3442.94	24.46710967	9
1621419660000	3488.45	3488.45	3488.44	3488.44	0.66585025	2
1621419720000	3475.69	3475.69	3475.68	3475.68	0.38808461	4
1621419840000	3461.32	3461.32	3440.74	3440.74	10.00052357	8
1621419900000	3445.36	3445.36	3445.26	3445.26	1.00707	3
1621420080000	3498.52	3498.52	3498.52	3498.52	0.2791508	1
1621420320000	3443.35	3455.31	3443.34	3455.31	1.62058993	3
1621420380000	3428.76	3428.76	3428.75	3428.75	0.5568003	2
1621420500000	3447.78	3478.7	3447.78	3478.7	17.58296586	6
1621420680000	3404.72	3404.72	3400	3400	11.59890031	10
1621420740000	3401.67	3423.17	3400	3423.17	4.78759	7
1621420800000	3414.52	3414.52	3400	3400	0.91798016	2
1621420860000	3400.01	3417.34	3400.01	3417.34	1.07317774	3
1621420980000	3451.97	3451.97	3451.97	3451.97	0.25685	1
1621421220000	3400	3400	3400	3400	1.06082111	2
1621421280000	3400	3400	3390	3390	9.34315448	24
1621421340000	3397.33	3397.33	3380	3380	2.27692139	9
1621421400000	3374.02	3396.07	3374.02	3396.07	0.81969881	2
1621421460000	3384.37	3399.27	3384.37	3399.27	0.23806325	2
1621421520000	3374.02	3396.16	3374.02	3396.16	2.62087231	6
1621421640000	3374.02	3374.02	3374.02	3374.02	2.43241693	4
1621421700000	3374.02	3374.02	3374.02	3374.02	8.04097251	25
1621421760000	3374.13	3374.5	3374.13	3374.49	0.80950572	4
1621421820000	3412.19	3412.19	3412.19	3412.19	0.03571428	1
1621421880000	3376.27	3376.27	3374.02	3374.02	0.99999999	4
1621421940000	3374.14	3374.14	3374.02	3374.02	1.27276122	3
1621422000000	3410.15	3424.92	3410.15	3424.92	0.12131937	2
1621422120000	3374.02	3374.02	3374.02	3374.02	0.084677	1
1621422180000	3374.02	3374.02	3370	3370	2.95419393	9
1621422300000	3401.24	3401.24	3401.24	3401.24	2.24204564	1
1621422360000	3360	3360	3350.01	3350.01	0.20490761	2
1621422480000	3358.68	3359.08	3358.68	3359.08	0.5823973	3
1621422600000	3358	3358	3358	3358	0.30195641	1
1621422660000	3350	3350	3350	3350	0.84452023	1
1621422720000	3350	3350	3350	3350	0.17040977	3
1621422780000	3343.32	3343.32	3343.32	3343.32	0.05929526	1
1621422900000	3344.27	3344.27	3320.29	3320.29	2.06916708	4
1621422960000	3320	3320	3320	3320	9	29
1621423020000	3301.03	3310.57	3301	3310.57	6.01095264	14
1621423080000	3301	3301.01	3272.38	3272.38	9.04916171	42
1621423140000	3272.38	3272.38	3234.23	3234.23	3.8034887	5
1621423200000	3235.79	3280	3235.79	3280	1.59880348	21
1621423260000	3280	3280	3224.56	3224.56	2.47091987	10
1621423380000	3230.61	3230.61	3227.79	3227.79	0.80578	2
1621423440000	3248.93	3248.94	3242.36	3242.36	2.8921819	8
1621423500000	3242.35	3264.14	3203.71	3237.79	2.01048314	16
1621423560000	3233.51	3233.54	3203.7	3233.54	1.45935961	7
1621423620000	3219.62	3219.62	3202.44	3202.44	0.61957706	7
1621423680000	3200	3218.09	3200	3200	5.79800057	32
1621423740000	3200	3200.16	3166.01	3181.48	1.77318195	16
1621423800000	3181.47	3181.47	3105.1	3105.1	48.98854127	21
1621423860000	3166	3166	3116.69	3116.69	0.12151887	9
1621423920000	3132	3166	3025	3025	24.55453106	19
1621423980000	3050.44	3066.57	3025	3025	1.92289397	6
1621424040000	3066.57	3199	3025	3198.99	13.3910169	8
1621424100000	3071.17	3147.31	3071.17	3147.31	0.31622016	8
1621424160000	3143.73	3198.98	3066.68	3198.98	0.54360694	12
1621424220000	3178.04	3205.65	3178.04	3205.65	11.84856367	5
1621424280000	3198.97	3216.45	3198.95	3198.95	1.67745624	10
1621424340000	3198.95	3213.79	3198.95	3213.79	0.65978175	30
1621424400000	3216.45	3255.07	3071.34	3071.34	1.69418082	25
1621424460000	3213.79	3262.41	3208.98	3249.01	0.1118874	13
1621424520000	3213.79	3256.62	2575	3254.84	106.8474975	93
1621424580000	3213.78	3254.84	3000.51	3000.51	0.68973188	11
1621424640000	3248.39	3248.39	3146.41	3146.41	4.00254489	7
1621424700000	3183.43	3212.19	3181.11	3181.11	5.30900477	14
1621424760000	3189.64	3189.64	3125.78	3171.91	0.61945231	5
1621424820000	3169.92	3169.92	3128.14	3128.14	1.11465	3
1621424880000	3189.39	3214.31	3189.39	3214.31	3.7098056	2
1621424940000	3169.91	3202.61	3169.91	3200.25	1.98706767	4
1621425000000	3194.29	3194.29	3194.29	3194.29	0.01542	1
1621425060000	3136.25	3192.46	3136.24	3192.45	1.05052621	4
1621425120000	3192.41	3200.25	3192.4	3200.25	5.30933617	11
1621425180000	3237.56	3237.56	3168.27	3168.27	1.09263584	4
1621425240000	3228.17	3248.96	3226.87	3248.96	0.64706649	7
1621425300000	3248.58	3248.84	3248.58	3248.84	0.81884047	3
1621425420000	3227.17	3227.17	3217.15	3217.15	1.14021047	5
1621425480000	3230	3262.57	3230	3262.57	3.97443277	29
1621425540000	3262.18	3264.63	3246.95	3263.58	4.875077	9
1621425600000	3257.24	3264.43	3230	3258.76	19.53195074	20
1621425660000	3251.05	3251.05	3222.99	3222.99	3.41202948	9
1621425720000	3230	3251.05	3185.49	3251.05	4.17219082	12
1621425780000	3265.94	3265.94	3265.94	3265.94	0.020979	1
1621425840000	3227.02	3280	3227.02	3280	0.7851002	8
1621425900000	3285	3285	3284.6	3284.6	4.12166246	6
1621425960000	3284.56	3284.56	3284.56	3284.56	0.72078298	2
1621426020000	3289.89	3289.89	3263.31	3263.31	1.60578673	5
1621426080000	3308.63	3308.63	3274.87	3274.87	0.29533	2
1621426140000	3244.2	3244.2	3244.2	3244.2	0.70882878	1
1621426200000	3283.27	3283.27	3249.94	3249.94	1.70887893	8
1621426260000	3269.89	3269.89	3222.15	3222.15	4.89244865	5
1621426320000	3226.57	3226.57	3226.57	3226.57	0.01108282	1
1621426380000	3220.52	3220.52	3220.52	3220.52	1.02893467	1
1621426440000	3241.17	3245.74	3234.3	3241.68	3.67422821	7
1621426500000	3217.05	3217.05	3206.67	3208.19	11.76048612	35
1621426560000	3213.42	3221.96	3194.29	3194.29	0.41443775	6
1621426680000	3232.24	3232.24	3232.24	3232.24	0.04571	1
1621426860000	3194.7	3194.7	3184.74	3187.28	2.27870019	5
1621426920000	3187.92	3187.92	3187.92	3187.92	0.26204	1
1621426980000	3154.94	3155.77	3154.94	3155.77	3.97846323	4
1621427100000	3150.7	3150.7	3118.2	3118.2	0.60630528	4
1621427160000	3134.86	3150.5	3099.7	3150.5	24.50384113	17
1621427220000	3126.99	3126.99	3125.26	3125.26	3.04546426	7
1621427280000	3136.83	3136.83	3136.83	3136.83	2.86622574	1
1621427400000	3156.51	3156.71	3129.1	3129.69	0.30683378	4
1621427460000	3102.87	3102.87	3100.01	3100.29	1.56879487	4
1621427520000	3100.28	3100.83	3026.5	3100.83	30.04029872	17
1621427640000	3050.71	3050.71	3050.71	3050.71	5	2
1621427700000	3050.46	3050.71	3003.48	3050.71	4.66364835	15
1621427760000	3095.58	3095.58	3095.58	3095.58	0.09626032	1
1621427880000	3072.01	3072.01	3067.26	3067.26	1.0121816	2
1621427940000	3067.26	3067.26	3048.4	3064.19	0.38608788	6
1621428000000	3048.48	3048.48	3009.5	3009.5	7.92511	11
1621428060000	3010.34	3010.34	3000.01	3000.01	1.55338731	7
1621428120000	3000	3000	2950.02	2953.15	2.32434	9
1621428180000	2994.91	2994.91	2815.12	2953.34	6.86028621	12
1621428240000	2953.84	2986.77	2817.95	2986.77	1.02188503	6
1621428300000	2983.18	2983.18	2821.12	2821.12	0.07116471	3
1621428360000	2821.12	2980	2600	2980	8.36244906	21
1621428420000	2980	2980	2979.99	2980	0.16327651	8
1621428480000	2980	2980	2575	2575	2.55695298	19
1621428540000	2898.92	2898.92	2898.92	2898.92	0.02563821	2
1621428600000	2898.92	2898.92	2575	2575	0.4777784	5
1621428720000	2575	2880.95	2401	2880.95	20.20518935	18
1621428840000	2520.25	2800	2520.25	2711.83	1.19169414	6
1621428900000	2510	2523.6	2401	2401	2.84936918	14
1621428960000	2401.01	2401.01	2400	2400	6.55197357	11
1621429020000	2510	2510	2400.01	2510	0.91386451	8
1621429080000	2510	2621.62	2510	2621.62	0.19412015	8
1621429140000	2675.13	2675.13	2575	2575	0.08656203	3
1621429200000	2575	2707.36	2575	2707.36	0.8546913	11
1621429260000	2707.36	2707.37	2667.13	2667.13	0.40898723	7
1621429320000	2707.37	2800	2575	2575	4.97735266	21
1621429380000	2799.89	2799.9	2667	2685.1	2.6724433	11
1621429440000	2685.1	2711.38	2667	2667	22.60092271	22
1621429500000	2667	2668.84	2542.21	2660.59	5.45894003	21
1621429560000	2661.28	2661.28	2600	2600	0.04211602	3
1621429620000	2600	2600	2600	2600	0.02820891	1
1621429680000	2600	2600	2450.34	2450.34	30.89910881	27
1621429740000	2460.58	2464.36	2453.49	2453.49	0.42491054	4
1621429800000	2464.34	2464.34	2349	2464.34	1.10846654	7
1621429860000	2355.96	2539.2	2308.54	2539.2	32.37728521	34
1621429920000	2350	2350	2350	2350	0.55497186	2
1621429980000	2354.56	2354.56	2354.56	2354.56	0.00787	1
1621430040000	2484.39	2537.32	2350.94	2537.28	4.69525361	20
1621430100000	2497.46	2561.31	2497.46	2561.31	0.59282223	4
1621430160000	2592.31	2636.92	2592.31	2636.92	1.02632975	5
1621430220000	2600	2636.08	2600	2613.41	0.90984631	13
1621430280000	2648	2701.6	2648	2701.6	0.40440733	6
1621430460000	2780.66	2780.66	2700	2700	1.09675149	5
1621430520000	2778.43	2789.95	2490.84	2789.95	86.84195887	18
1621430580000	2789.94	2898.99	2789.94	2898.99	5	6
1621430700000	2800.47	2809.88	2800.47	2809.88	4.50270066	2
1621430760000	2809.98	2899	2708.51	2708.51	21.09845037	29
1621430820000	2899	2966.06	2899	2966.06	0.88017381	5
1621430880000	2967.96	2967.96	2907.55	2907.55	10.704	9
1621430940000	2963.18	2963.18	2963.18	2963.18	0.0153556	1
1621431000000	2989.6	2989.6	2989.6	2989.6	0.37397491	1
1621431060000	2892.86	2892.86	2892.86	2892.86	0.00406324	1
1621431120000	2955.76	2999	2955.76	2999	2.11124982	5
1621431180000	2998.98	3066.31	2998.96	3066.31	4.17631263	8
1621431240000	3066.09	3081.32	3053.66	3075.82	2.34546655	6
1621431300000	3075.59	3075.84	3075.59	3075.81	2.15521672	5
1621431360000	3075.3	3075.55	3075.3	3075.55	0.11493396	2
1621431420000	3009.53	3017.63	3002.19	3002.3	5.21128014	6
1621431480000	3006.35	3028.11	2988.29	3028.09	28.68377306	33
1621431540000	3027.98	3155.79	3027.98	3071.75	17.11295998	12
1621431660000	3118.51	3118.51	3118.51	3118.51	0.21345151	2
1621431720000	3118.49	3118.49	3118.49	3118.49	0.38479915	1
1621431780000	3135.09	3135.09	3104.18	3133.62	1.79568	4
1621431840000	3130.9	3130.91	3130.89	3130.89	3.09164629	3
1621431900000	3102.34	3132.6	3069.45	3069.49	5.1996398	10
1621431960000	3051.42	3051.42	2921.87	2921.87	9.50223045	15
1621432020000	2921.87	3122.22	2897.25	2897.52	6.81076675	14
1621432080000	2995.43	2995.43	2995.43	2995.43	0.39574215	1
1621432140000	2872.18	2937.61	2872.18	2937.61	0.3850186	2
1621432260000	2937.5	2960.88	2937.5	2960.88	1.31231932	7
1621432320000	2960.58	2982.88	2937.64	2982.88	4.42839335	15
1621432380000	3004.71	3041.18	3004.69	3041.18	6.95961311	10
1621432440000	3088.92	3096.64	3085.58	3096.64	2.86701963	8
1621432500000	3095.56	3160.71	3085.72	3085.72	6.55404101	11
1621432560000	3075.37	3075.37	3010.24	3010.24	10.82379028	19
1621432620000	3051.21	3051.21	3010.24	3010.24	0.30000002	2
1621432680000	3040.46	3040.46	3040.46	3040.46	0.3	1
1621432740000	3040.46	3040.46	3036.87	3040.45	0.76057669	4
1621432800000	3070	3172.35	3070	3172.35	16.45077966	10
1621432860000	2962.55	2962.55	2962.53	2962.53	10.42727612	4
1621432980000	2956.66	2956.66	2944.88	2944.88	7.26184763	10
1621433040000	2894.65	2894.87	2894.6	2894.62	3.49537	5
1621433100000	2880	2880	2880	2880	1	4
1621433160000	2881.27	2894	2881.27	2894	10.4292538	10
1621433220000	2894	2931.54	2894	2931.54	0.54757909	6
1621433280000	2913.63	2913.88	2913.62	2913.88	2.67888171	5
1621433340000	2959.65	2959.65	2959.65	2959.65	2.12252751	3
1621433400000	2959.78	2959.78	2943.27	2943.27	0.96283135	5
1621433460000	2955.73	3001.16	2876.91	2876.91	24.14781709	17
1621433520000	2940.15	2940.15	2909.8	2925.89	1.58811442	5
1621433580000	2925.88	2925.88	2925.87	2925.87	5.00032254	15
1621433640000	2972.59	2977.21	2968.8	2968.8	5.03911357	7
1621433700000	2968.55	2981.5	2968.55	2981.5	7.564404	3
1621433760000	2973.69	2997.12	2973.69	2991.54	1.74360399	13
1621433820000	2970.08	2976.78	2939.16	2971.03	4.0667306	13
1621434000000	3001.85	3001.85	3001.85	3001.85	0.76065935	1
1621434060000	3005.11	3010	3005.11	3010	0.60034562	5
1621434120000	3031.51	3054.77	3031.51	3054.77	2.07670535	5
1621434300000	3057.34	3057.34	3057.34	3057.34	0.12135422	1
1621434360000	3020.13	3020.13	3020.13	3020.13	0.01655557	1
1621434420000	3018.76	3030.39	3018.76	3030.39	1.32027144	5
1621434480000	3018.46	3018.46	3011.95	3011.95	5.12448957	5
1621434540000	3036.44	3036.44	3036.44	3036.44	0.014243	1
1621434600000	3037.41	3037.41	3011.57	3011.57	1.04458261	5
1621434660000	3022.71	3023	3000.55	3000.55	8.18642588	23
1621434720000	3019.78	3026.33	3019.78	3022.88	1.96962144	8
1621434900000	2992.25	3001.3	2900.84	2900.84	7.76017459	11
1621434960000	2964.68	2964.93	2939.88	2939.88	0.48980437	3
1621435020000	2939.87	2939.89	2939.6	2939.88	2.92267254	7
1621435080000	2939.89	2943.11	2939.89	2943.11	4.54862942	6
1621435140000	2954.31	2954.31	2953.88	2954	1.89062381	5
1621435200000	2947.94	2947.94	2947.94	2947.94	3.987	6
1621435260000	2933.08	2955	2932.25	2955	16.20226267	14
1621435320000	2931.95	2931.97	2900	2900	3.07685709	11
1621435380000	2897.72	2897.72	2825	2825	52.31273438	17
1621435440000	2835.3	2880.14	2750	2869.25	153.2996179	35
1621435500000	2869.09	2922.37	2869.08	2922.37	19.91109798	23
1621435560000	2950.42	2971.96	2950.41	2971.92	7.2538533	12
1621435620000	2926.33	2926.33	2926.33	2926.33	1.58810611	1
1621435680000	2963.48	2973.48	2963.47	2973.48	8.24732369	12
1621435740000	2965.53	2965.53	2965.53	2965.53	0.0405	2
1621435800000	2988.71	3023.82	2988.71	3023.82	16.77743561	27
1621436040000	3000.01	3000.01	3000.01	3000.01	0.31817181	1
1621436220000	3050.74	3075.33	3050.74	3072.25	6.57844	3
1621436280000	3100	3100	3100	3100	0.315	1
1621436340000	3117.15	3127.2	3117.15	3127.2	2.33783848	3
1621436400000	3140.98	3217.18	3132.28	3132.52	18.4178989	12
1621436460000	3115.61	3115.61	3115.61	3115.61	1.46581	1
1621436580000	3126.4	3126.4	3084.23	3084.23	0.18948736	3
1621436700000	3089.71	3089.73	3089.71	3089.73	1.29326025	17
1621436760000	3089.73	3161.23	3089.24	3161.23	31.45860261	12
1621436820000	3109.72	3109.72	3109.72	3109.72	0.024769	1
1621436880000	3164.94	3220.9	3164.94	3217.18	0.53443674	4
1621436940000	3145.01	3145.01	3127.92	3145	3.11313273	10
1621437000000	3178.46	3286.44	3178.46	3286.44	19.61970035	12
1621437060000	3169.03	3200	3168.74	3169	0.84593969	10
1621437120000	3168.71	3169.11	3150.72	3150.72	3.968538	7
1621437180000	3169.11	3169.11	3169.11	3169.11	1.17804283	3
1621437300000	3236.46	3279.65	3236.46	3279.65	9.20317413	6
1621437360000	3262.07	3262.46	3262.07	3262.46	0.03013	2
1621437480000	3236.91	3236.91	3236.91	3236.91	0.24867883	1
1621437540000	3264.45	3264.45	3264.45	3264.45	0.024892	2
1621437600000	3298.51	3298.51	3298.51	3298.51	0.00642784	1
1621437660000	3281.72	3281.72	3268.89	3268.89	1.6165062	6
1621437840000	3243.15	3243.15	3213.23	3219.92	7.57247773	14
1621437900000	3220.42	3220.42	3220.42	3220.42	3.711	5
1621437960000	3231.77	3234.2	3231.77	3234.2	1.55	2
1621438020000	3209.86	3312.09	3209.86	3312.09	28.75308815	13
1621438080000	3192.18	3192.18	3167.31	3167.31	15.07510968	19
1621438140000	3187.54	3213.81	3187.54	3212.85	0.96269246	14
1621438200000	3188.49	3188.69	3188.49	3188.49	0.261124	6
1621438260000	3203.43	3211.02	3188.91	3209.51	2.73305356	7
1621438320000	3211.87	3261.37	3211.87	3250	10.95311657	6
1621438380000	3250	3250	3248.92	3249.11	1.9718323	5
1621438440000	3245.47	3250	3245.47	3250	3.69679088	9
1621438560000	3283.91	3303.17	3275.02	3275.02	8.31593446	11
1621438620000	3274.61	3274.93	3274.61	3274.93	1	5
1621438740000	3284.7	3290.52	3282.44	3282.44	1.56817421	6
1621438800000	3272.35	3284.56	3237.15	3254.82	15.03271416	52
1621438860000	3254.82	3254.82	3254.82	3254.82	0.68016231	3
1621438920000	3290.83	3290.83	3268.49	3268.49	5.099999	10
1621439040000	3309.59	3342.74	3309.59	3330.03	23.59137765	13
1621439100000	3327.63	3327.93	3324.35	3324.35	0.4300476	5
1621439340000	3333.32	3333.32	3333.19	3333.19	3.43344375	18
1621439460000	3371.68	3387.99	3316.93	3358.27	7.8097961	26
1621439520000	3348.15	3348.15	3320	3320	0.9	3
1621439580000	3328.47	3411.33	3316.55	3411.33	18.40321621	11
1621439640000	3347.92	3347.92	3307.84	3334.29	2.87518154	7
1621439700000	3335.54	3337.4	3335.54	3337.4	3	2
1621439760000	3334.18	3416.07	3318.43	3362.98	23.58	13
1621439820000	3362.98	3442.78	3362.98	3375.65	29.46893852	8
1621439940000	3378.08	3378.08	3350	3350	0.46766197	2
1621440000000	3342.17	3420.91	3342.17	3358.9	30.5576398	12
1621440060000	3326.03	3340.21	3306.06	3307.1	5.67014222	11
1621440120000	3307.1	3307.1	3287.27	3287.29	9.22265701	12
1621440180000	3271.22	3307.1	3254.83	3307.1	18.84072784	26
1621440240000	3307.08	3312.84	3307.08	3312.84	8.36930694	13
1621440300000	3351.74	3352.14	3330.25	3330.25	3.96235746	8
1621440360000	3330.25	3330.25	3298.2	3298.2	11.09536783	18
1621440420000	3300	3327.81	3300	3308.48	6.72494194	17
1621440480000	3296.34	3303.27	3296.34	3303.27	4.00886588	22
1621440540000	3296.34	3296.34	3296.34	3296.34	0.07930448	5
1621440600000	3287.82	3293.72	3277.71	3278.27	2.3377795	11
1621440660000	3269.35	3269.35	3266.42	3266.44	2.15949073	15
1621440720000	3251.64	3251.64	3225.55	3225.55	2.50557723	5
1621440780000	3223.74	3223.74	3181.74	3211.52	10.62488793	32
1621440840000	3211.52	3235.35	3211.52	3234.84	2.89395143	13
1621440900000	3216.55	3248.16	3216.53	3238.9	4.92072205	16
1621440960000	3245.7	3315.75	3233.85	3242.39	11.10494545	25
1621441020000	3243.5	3243.5	3229	3232.04	11.55544397	30
1621441080000	3246.59	3246.59	3246.59	3246.59	0.00857339	1
1621441140000	3295.61	3296	3295.61	3296	0.45222425	5
1621441200000	3259.02	3267.42	3231.39	3267.42	1.52880137	8
1621441260000	3245.48	3276.71	3245.48	3276.71	5.21913	7
1621441320000	3260.96	3264.05	3260.96	3264.05	6.91880561	36
1621441440000	3289.32	3289.32	3264.33	3264.33	4.05558086	10
1621441500000	3265.56	3265.71	3264.05	3264.05	7.85760802	20
1621441560000	3264.05	3264.05	3263.9	3263.9	0.12959003	2
1621441620000	3268.99	3269.02	3268.99	3269.02	1.73559994	3
1621441800000	3312.24	3312.24	3293.59	3295.53	3.95389198	3
1621441860000	3316.97	3325.61	3296.95	3325.61	1.13594551	4
1621441980000	3315.75	3327.93	3315.75	3327.93	1.11841	4
1621442040000	3354.04	3354.04	3354.04	3354.04	0.02937	1
1621442100000	3370.73	3424.68	3368.07	3368.07	12.49554605	25
1621442160000	3368.07	3368.34	3368.07	3368.34	0.84413172	8
1621442220000	3381.88	3381.88	3381.88	3381.88	0.1445	1
1621442280000	3380.44	3448.99	3380.44	3448.99	11.34083003	11
1621442340000	3399.2	3415.34	3399.2	3415.34	0.74267587	3
1621442400000	3415.34	3499	3415.34	3499	39.76136	8
1621442460000	3435.83	3436.6	3435.83	3436.6	2.5	2
1621442520000	3490.05	3490.74	3490.05	3490.74	4.82700068	6
1621442580000	3464.38	3464.38	3450	3458.98	6.69666143	16
1621442640000	3464.32	3464.34	3450.01	3455.71	1.10717848	8
1621442700000	3464.32	3491.31	3464.32	3491.31	2.40975803	3
1621442760000	3487.34	3487.34	3487.34	3487.34	0.01412	1
1621442820000	3493.62	3499	3493.62	3499	66.80819923	33
1621442880000	3499	3499	3499	3499	33.93781108	55
1621442940000	3499	3500	3464.65	3498.13	48.45536669	87
1621443000000	3499.03	3503.92	3499	3503.92	7.14594664	19
1621443060000	3522.35	3522.35	3481.32	3481.32	6.36730931	8
1621443120000	3467.62	3493.47	3460	3493.46	15.09066045	34
1621443180000	3470.45	3470.45	3470.45	3470.45	0.01169113	1
1621443240000	3460.59	3460.59	3450	3450	14.63203486	21
1621443300000	3435.3	3435.3	3435.3	3435.3	0.06546964	1
1621443360000	3400	3400	3400	3400	0.02924632	1
1621443420000	3406.97	3438.92	3406.97	3438.92	2.50756	5
1621443480000	3445.33	3484.65	3445.33	3484.65	10.80801189	20
1621443600000	3481.93	3481.95	3481.93	3481.95	3.302	4
1621443660000	3555.55	3555.55	3516.72	3550.44	1.33931304	3
1621443720000	3538.77	3547.56	3513.17	3520.58	11.7087718	26
1621443780000	3521.15	3521.15	3509.82	3509.82	0.27888	2
1621443840000	3494.56	3511.11	3465.54	3465.54	4.09952413	15
1621443900000	3490.61	3561.94	3473.86	3559.63	15.33933422	23
1621443960000	3537.53	3537.53	3489.18	3519.44	2.62927307	11
1621444080000	3479.34	3479.34	3479.34	3479.34	0.1	1
1621444140000	3458.15	3458.15	3458.15	3458.15	0.10764702	1
1621444200000	3453.01	3461.43	3453.01	3461.43	0.31941462	5
1621444260000	3484.63	3484.63	3484.63	3484.63	3.279	4
1621444320000	3501.98	3502.25	3500.03	3500.03	5.50960465	6
1621444440000	3516.27	3516.27	3498.51	3498.51	6.18861161	9
1621444500000	3500.89	3520.92	3500.89	3520.92	3.317625	6
1621444560000	3519.3	3547.59	3519.3	3547.59	3.74799	10
1621444620000	3544.79	3550	3529.04	3546.33	11.89183953	23
1621444680000	3537.59	3547.58	3537.39	3547.58	3.08922454	12
1621444740000	3537.69	3540.51	3519.3	3519.3	3.82477758	12
1621444800000	3518.71	3518.71	3511.24	3511.24	1.52572	2
1621444860000	3508.4	3508.4	3500.89	3500.89	2.75004814	4
1621444920000	3492.52	3498.03	3492.52	3498.03	6.26598366	7
1621444980000	3484.05	3517.45	3484	3517.45	6.56989336	8
1621445040000	3501.48	3501.48	3501.47	3501.47	6.36882817	9
1621445100000	3501.47	3549.99	3501.47	3549.99	5.05189434	8
1621445160000	3509.91	3509.91	3509.91	3509.91	0.14014124	1
1621445220000	3517.51	3517.76	3517.51	3517.76	1.03167462	2
1621445280000	3524.14	3524.14	3524.14	3524.14	0.135	1
1621445400000	3518.43	3524.14	3484.01	3484.01	5.28984434	9
1621445460000	3484.01	3537.26	3467.62	3537.26	16.57706616	24
1621445520000	3460.95	3464.78	3460.95	3460.97	6.92868676	10
1621445580000	3460.97	3511.78	3460.97	3466.91	3.71349106	14
1621445640000	3453	3453	3422.14	3422.14	2.34123156	6
1621445700000	3425.9	3425.9	3419.75	3419.75	1	5
1621445820000	3450.25	3462.73	3450.25	3461.49	6.57201286	10
1621445880000	3466.37	3466.77	3461.61	3461.61	1.36938	6
1621445940000	3438.91	3438.91	3422.41	3434.49	1.07350906	10
1621446000000	3432.7	3433.2	3413.48	3413.48	7.20343	15
1621446060000	3413.48	3413.48	3400	3400	0.17490394	4
1621446120000	3400.01	3409.45	3400	3400	4.79441526	10
1621446180000	3380.38	3380.38	3350.36	3366.99	10.27470141	23
1621446240000	3359.73	3359.75	3359.73	3359.75	0.36460914	2
1621446300000	3366.51	3405.92	3366.51	3405.63	5.32632713	35
1621446360000	3381.21	3381.21	3370.37	3370.37	4.61590738	17
1621446420000	3357.06	3357.06	3349.7	3349.7	0.56950486	5
1621446480000	3348.18	3364.79	3345.98	3345.98	1.7044	3
1621446540000	3366.5	3366.51	3315.4	3366.51	11.48801684	14
1621446660000	3361.1	3377.52	3323.07	3377.27	11.74543037	25
1621446720000	3372.14	3374.69	3372.14	3374.69	3.50073	5
1621446780000	3372.91	3372.91	3372.91	3372.91	0.29336375	1
1621446840000	3375.71	3402.18	3375.71	3402.18	4.04388988	14
1621446900000	3390.35	3411.64	3390.35	3411.64	2.43977225	4
1621446960000	3434.37	3469.69	3434.37	3469.69	0.45	3
1621447020000	3420.78	3421.04	3399.18	3399.18	3.65632778	12
1621447080000	3399.18	3399.18	3399.18	3399.18	2.71685455	9
1621447140000	3395.45	3395.74	3380.19	3380.19	0.88703367	3
1621447200000	3374.44	3395.74	3374.44	3377.68	3.43302111	6
1621447320000	3371.86	3371.86	3335.28	3365.33	4.48819473	11
1621447500000	3308	3308	3279.76	3300	7.65690473	14
1621447560000	3262.79	3262.79	3254.17	3262.79	0.45091524	3
1621447680000	3296.99	3296.99	3296.99	3296.99	0.171111	1
1621447740000	3281.45	3281.45	3227.54	3227.54	2.62012841	5
1621447860000	3256.49	3264.11	3221.98	3221.98	2.65463	10
1621447920000	3242.43	3258.59	3242.43	3258.59	0.02960141	2
1621447980000	3259.88	3259.88	3222.58	3222.58	0.15172027	2
1621448040000	3212.57	3212.57	3172.56	3172.56	12.78311602	11
1621448100000	3211.23	3215.61	3211.23	3215.61	0.39925334	10
1621448220000	3197.7	3197.71	3162.67	3162.67	2.43672239	6
1621448280000	3179.78	3179.78	3179.78	3179.78	0.02218461	1
1621448340000	3173.27	3173.27	3173.01	3173.01	1.70781588	6
1621448400000	3193.24	3193.24	3150	3153.19	2.009105	7
1621448460000	3171.02	3171.02	3171.02	3171.02	0.24	2
1621448520000	3199.21	3200	3184.39	3184.39	1.15312495	5
1621448580000	3191.69	3211.97	3191.69	3211.97	1.98293623	6
1621448640000	3227.7	3227.7	3227.7	3227.7	0.024385	1
1621448700000	3222.99	3222.99	3222.99	3222.99	0.15733163	1
1621448760000	3250	3250	3231.55	3231.55	3.98164452	10
1621448820000	3244.85	3263.09	3244.85	3263.09	4.77265759	6
1621449000000	3281.3	3281.3	3281.3	3281.3	0.03002	1
1621449060000	3276.01	3276.26	3276.01	3276.26	1.05285548	2
1621449120000	3250.68	3250.68	3250.68	3250.68	2.9987	3
1621449180000	3278.2	3278.2	3278.2	3278.2	0.2	1
1621449240000	3254.95	3254.95	3244.02	3244.02	0.87577917	2
1621449360000	3231.43	3231.43	3230.78	3230.78	2	6
1621449420000	3241.67	3242.28	3241.67	3242.28	0.70666383	4
1621449480000	3208.56	3208.56	3182.39	3182.39	0.054725	5
1621449540000	3198.99	3198.99	3198.99	3198.99	0.15397	1
1621449600000	3184.17	3184.17	3184.17	3184.17	6.29779136	1
1621449660000	3184.21	3192	3184.21	3192	0.54137561	2
1621449840000	3150	3150	3131.71	3131.71	0.08135075	3
1621449900000	3113.75	3159.26	3113.75	3159.26	0.3304594	3
1621449960000	3156.38	3195.91	3133.18	3133.18	13.54886651	13
1621450020000	3133.18	3164.9	3133.18	3164.9	0.31803479	4
1621450080000	3163.19	3175.31	3152.18	3175.31	3.40291239	8
1621450320000	3172.02	3215.71	3172.02	3215.71	3.48667404	8
1621450380000	3200.95	3201.2	3200.95	3201.2	1.23106	2
1621450440000	3204.54	3204.79	3204.54	3204.79	0.1	2
1621450500000	3189.64	3215.38	3189.12	3215.38	0.47889	3
1621450560000	3174.41	3198.04	3174.18	3198.04	1.27895536	4
1621450620000	3201.55	3201.55	3201.55	3201.55	0.12939	1
1621450680000	3179.73	3179.73	3179.73	3179.73	0.34252212	1
1621450800000	3177.85	3177.85	3177.85	3177.85	0.0063	1
1621450860000	3169.34	3213.23	3169.34	3213.23	7.08783707	11
1621450920000	3197.4	3197.4	3188.29	3188.29	0.03750971	2
1621450980000	3186.6	3186.6	3186.6	3186.6	0.92061639	1
1621451040000	3176.54	3176.54	3176.54	3176.54	0.42075304	1
1621451160000	3193.15	3193.15	3193.15	3193.15	0.4864	1
1621451220000	3173.29	3173.29	3164.64	3164.89	7.8441828	18
1621451280000	3160.5	3173.19	3160.5	3173.19	6.05058132	11
1621451460000	3195.23	3195.23	3195.23	3195.23	0.28845754	1
1621451580000	3219.55	3219.55	3219.55	3219.55	3.606	4
1621451640000	3218.17	3218.17	3218.17	3218.17	0.05219273	1
1621451760000	3203.59	3203.59	3203.27	3203.27	2.90352593	6
1621451820000	3211.94	3211.94	3186.93	3186.93	0.13724443	2
1621451880000	3175	3175	3144	3144.26	4.0261693	10
1621451940000	3172.92	3172.92	3172.92	3172.92	0.42968324	4
1621452000000	3172.92	3172.92	3172.9	3172.9	4.12578758	15
1621452060000	3152.33	3152.33	3152.33	3152.33	0.04765174	1
1621452120000	3141.25	3141.25	3127.6	3127.6	1.00E+01	8
1621452240000	3168.16	3191.05	3168.06	3191.05	1.71624	4
1621452360000	3219.23	3227.41	3219.23	3227.41	1.97624	5
1621452420000	3214.95	3215.04	3214.95	3215.04	0.3044	2
1621452480000	3188.17	3204.95	3172.18	3203.7	7.08020592	11
1621452660000	3173	3173	3159.43	3161.08	3.50401141	7
1621452720000	3169.61	3169.61	3169.61	3169.61	0.29163344	3
1621452780000	3150	3150.92	3150	3150.92	0.02008598	2
1621452900000	3169.06	3182.97	3169.06	3182.97	0.06859883	2
1621453140000	3145.82	3167.14	3130.77	3167.14	5.08415114	9
1621453200000	3161.43	3161.43	3161.43	3161.43	0.12418	1
1621453320000	3173.56	3179.62	3173.56	3179.62	1.76698376	2
1621453380000	3177.17	3177.17	3177.14	3177.14	0.97225	3
1621453440000	3208.19	3208.19	3190.14	3190.14	0.64193	2
1621453500000	3195.68	3195.68	3188.09	3194.22	1.86577795	5
1621453620000	3207.5	3207.5	3207.5	3207.5	0.05307012	1
1621453740000	3209.38	3209.63	3209.38	3209.63	1	2
1621453800000	3222.76	3222.76	3183.44	3183.44	1.14396399	4
1621453860000	3179	3179	3179	3179	1	4
1621453920000	3158.42	3158.53	3158.42	3158.53	0.10911	2
1621453980000	3140	3140	3140	3140	0.0783571	1
1621454040000	3144.6	3163.23	3144.6	3163.23	0.08840144	2
1621454100000	3145.18	3160.59	3144.92	3156.68	0.7188961	4
1621454220000	3156.66	3156.66	3156.66	3156.66	0.0156	1
1621454340000	3164.96	3165.17	3155.25	3155.25	1.68598275	4
1621454520000	3209.67	3214.07	3209.67	3214.07	1.30105139	4
1621454580000	3246.85	3277.17	3222.82	3277.17	3.2454077	7
1621454760000	3249.36	3249.36	3241.94	3243.85	0.8291011	4
1621454820000	3278.91	3279.13	3243.5	3245	2.63438283	6
1621455000000	3264.49	3271.18	3262.77	3271.18	3.75389711	9
1621455120000	3251.28	3251.38	3238.96	3251.38	2.62433743	12
1621455180000	3230.79	3230.79	3230.78	3230.78	0.98838389	2
1621455240000	3252.97	3252.97	3249.88	3249.88	0.60039	4
1621455300000	3234.31	3239.23	3233.79	3239.23	0.80499057	4
1621455360000	3239.23	3239.23	3239.23	3239.23	3.12434387	6
1621455420000	3239.23	3239.23	3229.37	3229.37	0.96986192	3
1621455480000	3223.32	3223.32	3223.32	3223.32	0.01716208	1
1621455600000	3245.84	3245.84	3245.83	3245.84	0.97749955	3
1621455720000	3244.64	3251.36	3244.64	3251.36	0.87266238	3
1621455840000	3236.14	3247.42	3236.14	3241.88	3.13883456	5
1621455960000	3247.25	3247.25	3247.25	3247.25	0.14714	1
1621456080000	3225.78	3225.78	3225.78	3225.78	0.221	1
1621456140000	3221.27	3221.27	3221.27	3221.27	0.02100534	1
1621456200000	3229.33	3229.33	3229.33	3229.33	0.42877218	1
1621456260000	3231.55	3231.55	3231.55	3231.55	0.27632383	1
1621456380000	3225.79	3225.79	3221.9	3221.91	0.82078671	3
1621456440000	3201	3202	3200	3200	3.00857853	13
1621456500000	3198.74	3225.86	3198.74	3204.16	0.72630825	4
1621456560000	3200.87	3200.87	3200.87	3200.87	0.369471	1
1621456620000	3168.89	3168.89	3165.03	3165.03	0.049086	2
1621456680000	3177.92	3177.92	3177.92	3177.92	1.64529258	10
1621456800000	3168.12	3184.7	3168.12	3168.37	2.01475412	7
1621456860000	3168.12	3168.12	3163.25	3163.27	4.30693206	7
1621456920000	3176.14	3176.14	3176.14	3176.14	0.0831777	1
1621456980000	3163.28	3163.28	3163.28	3163.28	0.0503756	1
1621457040000	3163.27	3163.27	3154.72	3154.9	1.58703581	5
1621457100000	3150.89	3150.89	3150.89	3150.89	0.20102455	1
1621457160000	3166.73	3166.74	3150	3150	5.67468147	16
1621457280000	3146.4	3146.4	3105.13	3105.13	15.07713431	12
1621457400000	3149.01	3149.01	3145	3145	0.41205806	3
1621457460000	3158.05	3158.05	3158.05	3158.05	0.024452	1
1621457520000	3163.6	3163.6	3163.6	3163.6	0.19591749	2
1621457580000	3145	3145	3070.42	3070.42	1.08855556	10
1621457640000	3103.72	3107.96	3075.76	3075.76	0.7238203	3
1621457700000	3110.37	3110.37	3088.37	3088.37	1.84394517	5
1621457760000	3116.27	3123.62	3116.27	3123.62	0.09498814	2
1621457880000	3100.02	3115.11	3100	3100	3.69674	10
1621457940000	3090.56	3090.56	3090.56	3090.56	0.88238643	1
1621458060000	3110.14	3110.39	3110.14	3110.39	1.49780363	3
1621458180000	3121.95	3121.95	3121.95	3121.95	0.48228722	1
1621458240000	3092.51	3092.51	3068.48	3068.48	16.67694268	10
1621458300000	3113	3113	3112.45	3112.45	1.70479	4
1621458420000	3083.44	3083.44	3083.44	3083.44	0.75763749	1
1621458540000	3084.3	3084.57	3084.3	3084.57	2.34495432	3
1621458720000	3061.14	3061.14	3050	3050	4.56186254	14
1621458780000	3050	3054.85	3050	3050	8.65315893	21
1621458840000	3030.32	3034.52	3024.75	3034.52	1.59420986	3
1621458900000	3024.75	3024.75	3000	3000	7.36037583	36
1621458960000	3000	3000	3000	3000	2.03343157	16
1621459020000	2988.34	2991.91	2979.32	2991.91	5.19922	10
1621459080000	2964.9	2997.86	2933.65	2933.65	13.59379757	18
1621459140000	2979.74	3001	2977.19	3001	0.94790892	5
1621459200000	3002.95	3002.95	3002.95	3002.95	0.10568	1
1621459260000	3010.93	3010.93	3010.67	3010.67	0.39904774	2
1621459320000	3015.31	3015.31	3015.31	3015.31	0.06544	1
1621459380000	3035.08	3071.68	3035.08	3071.68	6.12198151	14
1621459500000	3074.39	3092.99	3074.39	3092.99	3	3
1621459560000	3028.54	3028.54	3028.54	3028.54	0.27332893	1
1621459620000	3041.46	3041.46	3041.46	3041.46	0.099	1
1621459680000	3005.74	3005.74	3002.07	3002.07	0.051189	2
1621459740000	3000.86	3000.86	3000.86	3000.86	0.99504875	1
1621459860000	3017.04	3029.07	3017.04	3029.07	0.548821	2
1621459920000	3012.43	3012.43	3012.43	3012.43	0.33746716	1
1621460100000	3065.1	3065.1	3065.1	3065.1	1.35341561	1
1621460220000	3076.68	3076.73	3076.68	3076.73	2.14614181	3
1621460280000	3092.83	3092.83	3092.83	3092.83	0.24398092	1
1621460460000	3108.28	3108.29	3108.28	3108.29	1.02225766	2
1621460580000	3076.33	3076.33	3049.9	3049.9	3.62060371	6
1621460640000	3119.13	3119.13	3119.13	3119.13	0.025531	1
1621460700000	3124.39	3124.39	3124.39	3124.39	0.3459594	1
1621460760000	3118.1	3118.1	3118.1	3118.1	0.25061658	1
1621460880000	3120.98	3121.06	3120.98	3121.06	0.7100464	2
1621460940000	3126.04	3126.04	3126	3126	0.5454844	3
1621461000000	3130.12	3130.12	3130.12	3130.12	0.51644284	1
1621461060000	3126	3126	3126	3126	0.25819083	2
1621461120000	3126	3132.05	3126	3132.05	0.34352959	4
1621461180000	3130.36	3132.06	3130.36	3132.06	1.26558186	3
1621461300000	3160.4	3160.41	3160.4	3160.41	0.15583598	2
1621461420000	3150.3	3150.3	3150.3	3150.3	0.53574897	1
1621461600000	3160.88	3160.88	3160.88	3160.88	1.13969597	1
1621461720000	3126.99	3126.99	3126.99	3126.99	0.06165383	1
1621461780000	3122.29	3122.29	3122.29	3122.29	0.0042479	1
1621461840000	3146.5	3146.5	3139.46	3139.46	0.59096262	2
1621461900000	3162.94	3200	3162.94	3200	15.619516	19
1621461960000	3229.04	3229.04	3229.04	3229.04	0.01524	1
1621462020000	3226.97	3226.97	3226.97	3226.97	0.91775795	1
1621462080000	3229.51	3229.51	3229.51	3229.51	0.04942	1
1621462140000	3225.61	3225.61	3225.61	3225.61	1.07454604	1
1621462200000	3224.99	3224.99	3224.99	3224.99	0.0061	1
1621462260000	3235	3250.45	3235	3250.45	1.37881	2
1621462320000	3250.6	3250.6	3250.6	3250.6	0.6	1
1621462380000	3256.46	3334.03	3256.46	3334.03	30.10718989	10
1621462440000	3260.75	3260.75	3260.75	3260.75	0.15107	1
1621462560000	3257.8	3330.48	3257.8	3330.48	38.09446118	9
1621462620000	3260.85	3260.85	3260.85	3260.85	0.3643	1
1621462740000	3260.66	3260.66	3258.2	3258.2	0.52674908	3
1621462920000	3234.44	3234.44	3234.42	3234.44	0.76222626	3
1621462980000	3222.96	3247.46	3212.67	3247.46	0.06155587	3
1621463100000	3222.55	3230.33	3212.42	3230.33	8.49105798	10
1621463280000	3224.8	3224.8	3224.8	3224.8	1.09055868	1
1621464240000	3450	3450	3450	3450	0.055	1
1621464300000	3450	3450	3212.42	3212.42	0.02142	2
1621464360000	3450	3500	3450	3500	3.32324798	4
1621464540000	3499.99	3499.99	3499.99	3499.99	0.26000443	2
1621464660000	3346.3	3346.31	3346.3	3346.31	0.28501	2
1621464720000	3311.11	3311.11	3307.52	3307.96	1.91930413	5
1621464780000	3282.29	3282.29	3259.59	3259.59	1.15095277	5
1621464900000	3282.29	3332.62	3282.29	3332.62	0.64394669	5
1621465020000	3281.52	3281.62	3281.52	3281.62	0.18661852	2
1621465080000	3241.95	3255.16	3241.95	3255.16	0.19323714	2
1621465140000	3241.95	3241.95	3236.31	3236.31	1.78517597	2
1621465200000	3261.48	3261.48	3261.48	3261.48	0.008	1
1621465260000	3258.11	3258.11	3258.11	3258.11	0.00604	1
1621465320000	3251.68	3251.68	3251.68	3251.68	0.25475264	1
1621465440000	3219.09	3219.09	3189.44	3189.44	9.88649452	9
1621465500000	3221.56	3221.56	3221.56	3221.56	0.20050046	1
1621465620000	3220.59	3220.59	3220.59	3220.59	0.08624396	1
1621465680000	3187.49	3187.49	3183.17	3183.17	1.63466303	2
1621465860000	3183.29	3183.69	3183.29	3183.69	0.03094	2
1621465920000	3190.17	3198.91	3190.17	3198.91	4.168	2
1621465980000	3197.53	3197.53	3191.9	3191.91	0.54536576	3
1621466100000	3175.68	3194.71	3175.68	3194.71	3.91196577	5
1621466160000	3151.53	3151.53	3150	3150	6.95451592	12
1621466340000	3151.77	3163.24	3151.77	3163.24	5.00245239	5
1621466400000	3159.17	3159.17	3159.17	3159.17	0.0105	1
1621466520000	3191.94	3192.04	3186.37	3186.37	1.83740946	4
1621466580000	3168.05	3168.05	3141.35	3153.55	0.06586174	3
1621466640000	3151.6	3173.55	3151.6	3173.55	4.97547355	7
1621466820000	3163.66	3163.66	3145.1	3145.1	3.58681416	6
1621466940000	3147.78	3147.78	3146.3	3146.3	3.46160811	5
1621467000000	3132.7	3142.12	3132.7	3142.12	1.04280795	3
1621467060000	3138.63	3157.92	3138.63	3157.92	5.74066068	7
1621467180000	3152.19	3154.84	3152.19	3154.84	2.09850445	4
1621467360000	3152.44	3152.44	3152.44	3152.44	0.79343847	1
1621467420000	3153.03	3153.03	3153.03	3153.03	0.052381	2
1621467480000	3156.31	3156.31	3156.31	3156.31	0.01881229	1
1621467540000	3153.33	3153.33	3146.88	3146.88	8.24012946	20
1621467600000	3143.99	3143.99	3143.99	3143.99	0.12712671	1
1621467720000	3125.84	3144	3113.06	3113.06	8.33702878	7
1621467780000	3130.92	3131.22	3130.92	3131.22	2.8139	5
1621467840000	3113.06	3113.06	3089.64	3089.64	2.97898332	5
1621467900000	3089.88	3089.88	3089.64	3089.64	0.10967676	2
1621467960000	3057.31	3057.31	3057.31	3057.31	0.02536199	1
1621468020000	3058.74	3058.74	3031.41	3031.41	0.99990997	2
1621468140000	3055.99	3055.99	3055.99	3055.99	3.705	14
1621468200000	3060.12	3060.12	3055.99	3055.99	4.30627792	12
1621468260000	3055.99	3055.99	3031.14	3031.14	3.57821932	7
1621468320000	3004.71	3004.71	2993.42	2993.42	0.50212996	3
1621468380000	2990	2995.88	2987.57	2987.57	1.45293731	6
1621468500000	3011.86	3012.76	3011.86	3012.76	0.87852249	10
1621468560000	3012.76	3042.52	3012.76	3042.52	2.53510645	14
1621468620000	3012.76	3012.77	3012.76	3012.77	4.23223516	7
1621468680000	3012.77	3012.77	3000.08	3000.08	0.7862808	8
1621468740000	2987.56	2987.56	2955.48	2955.48	0.4399327	4
